{"n_polygons": 310, "n_with_data": 96, "n_no_data": 214, "lon_min": 116.2462835, "lon_max": 116.4065626, "lat_min": 40.0464577, "lat_max": 40.1562593, "lon_center": 116.32642305, "lat_center": 40.1013585, "price_min": 1.91, "price_max": 5.09, "price_median": 2.96, "total_xq": 137, "total_deals": 956}